DATE;CATEGORY;VALUE;METRIC;GEO
2018-11-01;Kiemelt P1;12,583333;Medián;Budapest
2018-12-01;Kiemelt P1;15,025;Medián;Budapest
2019-01-01;Kiemelt P1;13,0416665;Medián;Budapest
2019-02-01;Kiemelt P1;12,2;Medián;Budapest
2019-03-01;Kiemelt P1;11,283333;Medián;Budapest
2019-04-01;Kiemelt P1;10,916666;Medián;Budapest
2019-05-01;Kiemelt P1;11,7;Medián;Budapest
2019-06-01;Kiemelt P1;12,508333;Medián;Budapest
2019-07-01;Kiemelt P1;11,333333;Medián;Budapest
2019-08-01;Kiemelt P1;11,783333;Medián;Budapest
2019-09-01;Kiemelt P1;12,8749995;Medián;Budapest
2019-10-01;Kiemelt P1;11,6249995;Medián;Budapest
2019-11-01;Kiemelt P1;12,35;Medián;Budapest
2019-12-01;Kiemelt P1;12,6666665;Medián;Budapest
2020-01-01;Kiemelt P1;11,133333;Medián;Budapest
2020-02-01;Kiemelt P1;11,716666;Medián;Budapest
2020-03-01;Kiemelt P1;10,416666;Medián;Budapest
2020-04-01;Kiemelt P1;10,3666665;Medián;Budapest
2020-05-01;Kiemelt P1;10,2999995;Medián;Budapest
2020-06-01;Kiemelt P1;9,8;Medián;Budapest
2020-07-01;Kiemelt P1;10,816666;Medián;Budapest
2020-08-01;Kiemelt P1;10,166666;Medián;Budapest
2020-09-01;Kiemelt P1;11,216666;Medián;Budapest
2020-10-01;Kiemelt P1;10,883333;Medián;Budapest
2020-11-01;Kiemelt P1;12,3916665;Medián;Budapest
2020-12-01;Kiemelt P1;11,425;Medián;Budapest
2021-01-01;Kiemelt P1;10,658333;Medián;Budapest
2021-02-01;Kiemelt P1;10,566666;Medián;Budapest
2021-03-01;Kiemelt P1;11,758333;Medián;Budapest
2021-04-01;Kiemelt P1;11,0416665;Medián;Budapest
2021-05-01;Kiemelt P1;9,833333;Medián;Budapest
2021-06-01;Kiemelt P1;9,533333;Medián;Budapest
2021-07-01;Kiemelt P1;10,4;Medián;Budapest
2021-08-01;Kiemelt P1;10,6749995;Medián;Budapest
2021-09-01;Kiemelt P1;9,983333;Medián;Budapest
2021-10-01;Kiemelt P1;10,65;Medián;Budapest
2021-11-01;Kiemelt P1;11,633333;Medián;Budapest
2021-12-01;Kiemelt P1;10,925;Medián;Budapest
2022-01-01;Kiemelt P1;10,383333;Medián;Budapest
2022-02-01;Kiemelt P1;10,7;Medián;Budapest
2022-03-01;Kiemelt P1;10,816666;Medián;Budapest
2022-04-01;Kiemelt P1;10,733333;Medián;Budapest
2022-05-01;Kiemelt P1;11,1999995;Medián;Budapest
2022-06-01;Kiemelt P1;11,0416665;Medián;Budapest
2022-07-01;Kiemelt P1;10,6416665;Medián;Budapest
2022-08-01;Kiemelt P1;10,5;Medián;Budapest
2022-09-01;Kiemelt P1;10,783333;Medián;Budapest
2022-10-01;Kiemelt P1;10,5499995;Medián;Budapest
2022-11-01;Kiemelt P1;10,416666;Medián;Budapest
2022-12-01;Kiemelt P1;10,158333;Medián;Budapest
2023-01-01;Kiemelt P1;9,9999995;Medián;Budapest
2023-02-01;Kiemelt P1;9,858333;Medián;Budapest
2023-03-01;Kiemelt P1;8,9416665;Medián;Budapest
2023-04-01;Kiemelt P1;10,091666;Medián;Budapest
2023-05-01;Kiemelt P1;9,35;Medián;Budapest
2023-06-01;Kiemelt P1;9,566666;Medián;Budapest
2023-07-01;Kiemelt P1;9,883333;Medián;Budapest
2023-08-01;Kiemelt P1;10,733333;Medián;Budapest
2023-09-01;Kiemelt P1;10,333333;Medián;Budapest
2023-10-01;Kiemelt P1;10,433333;Medián;Budapest
2023-11-01;Kiemelt P1;10,916666;Medián;Budapest
2023-12-01;Kiemelt P1;11,333333;Medián;Budapest
2024-01-01;Kiemelt P1;11,383333;Medián;Budapest
2024-02-01;Kiemelt P1;10,566666;Medián;Budapest
2024-03-01;Kiemelt P1;11,516666;Medián;Budapest
2024-04-01;Kiemelt P1;10,983333;Medián;Budapest
2024-05-01;Kiemelt P1;10,7416665;Medián;Budapest
2024-06-01;Kiemelt P1;10,8416665;Medián;Budapest
2024-07-01;Kiemelt P1;11,7749995;Medián;Budapest
2024-08-01;Kiemelt P1;10,9499995;Medián;Budapest
2024-09-01;Kiemelt P1;10,841666;Medián;Budapest
2024-10-01;Kiemelt P1;11,1;Medián;Budapest
2018-11-01;Kiemelt P1;18,7943783609467;Átlag;Budapest
2018-12-01;Kiemelt P1;20,9363191083333;Átlag;Budapest
2019-01-01;Kiemelt P1;17,3240433565574;Átlag;Budapest
2019-02-01;Kiemelt P1;17,7785060491803;Átlag;Budapest
2019-03-01;Kiemelt P1;15,323495595122;Átlag;Budapest
2019-04-01;Kiemelt P1;13,6741808034682;Átlag;Budapest
2019-05-01;Kiemelt P1;15,5251952910798;Átlag;Budapest
2019-06-01;Kiemelt P1;16,8757278203884;Átlag;Budapest
2019-07-01;Kiemelt P1;14,384812260355;Átlag;Budapest
2019-08-01;Kiemelt P1;15,4205879358289;Átlag;Budapest
2019-09-01;Kiemelt P1;16,012733752809;Átlag;Budapest
2019-10-01;Kiemelt P1;14,7525952868853;Átlag;Budapest
2019-11-01;Kiemelt P1;14,7230702660099;Átlag;Budapest
2019-12-01;Kiemelt P1;15,9955396091549;Átlag;Budapest
2020-01-01;Kiemelt P1;12,7090108229665;Átlag;Budapest
2020-02-01;Kiemelt P1;13,9754796335079;Átlag;Budapest
2020-03-01;Kiemelt P1;11,1657891461988;Átlag;Budapest
2020-04-01;Kiemelt P1;11,6528642604167;Átlag;Budapest
2020-05-01;Kiemelt P1;11,4980068858696;Átlag;Budapest
2020-06-01;Kiemelt P1;11,502631251462;Átlag;Budapest
2020-07-01;Kiemelt P1;12,5577177986577;Átlag;Budapest
2020-08-01;Kiemelt P1;13,0577338431373;Átlag;Budapest
2020-09-01;Kiemelt P1;13,6771877374302;Átlag;Budapest
2020-10-01;Kiemelt P1;12,9728968551402;Átlag;Budapest
2020-11-01;Kiemelt P1;15,3688205034014;Átlag;Budapest
2020-12-01;Kiemelt P1;14,246231573913;Átlag;Budapest
2021-01-01;Kiemelt P1;12,7528014051724;Átlag;Budapest
2021-02-01;Kiemelt P1;11,626884080402;Átlag;Budapest
2021-03-01;Kiemelt P1;14,3987710320513;Átlag;Budapest
2021-04-01;Kiemelt P1;11,9988091875;Átlag;Budapest
2021-05-01;Kiemelt P1;10,3471731812865;Átlag;Budapest
2021-06-01;Kiemelt P1;10,7155276521739;Átlag;Budapest
2021-07-01;Kiemelt P1;11,2064919186047;Átlag;Budapest
2021-08-01;Kiemelt P1;11,4352638902439;Átlag;Budapest
2021-09-01;Kiemelt P1;11,5702726140351;Átlag;Budapest
2021-10-01;Kiemelt P1;12,029552927835;Átlag;Budapest
2021-11-01;Kiemelt P1;13,6379664315353;Átlag;Budapest
2021-12-01;Kiemelt P1;12,0005205078125;Átlag;Budapest
2022-01-01;Kiemelt P1;11,6359796351931;Átlag;Budapest
2022-02-01;Kiemelt P1;12,3909626577778;Átlag;Budapest
2022-03-01;Kiemelt P1;12,4099256177778;Átlag;Budapest
2022-04-01;Kiemelt P1;12,7079034020619;Átlag;Budapest
2022-05-01;Kiemelt P1;12,3505772227723;Átlag;Budapest
2022-06-01;Kiemelt P1;13,1355019794521;Átlag;Budapest
2022-07-01;Kiemelt P1;12,0668536460674;Átlag;Budapest
2022-08-01;Kiemelt P1;11,5788703497268;Átlag;Budapest
2022-09-01;Kiemelt P1;12,0680552205882;Átlag;Budapest
2022-10-01;Kiemelt P1;11,5807014210526;Átlag;Budapest
2022-11-01;Kiemelt P1;11,2702142029703;Átlag;Budapest
2022-12-01;Kiemelt P1;11,0911013305085;Átlag;Budapest
2023-01-01;Kiemelt P1;11,4110290784314;Átlag;Budapest
2023-02-01;Kiemelt P1;10,1529821315789;Átlag;Budapest
2023-03-01;Kiemelt P1;10,3423073557692;Átlag;Budapest
2023-04-01;Kiemelt P1;12,1362935131579;Átlag;Budapest
2023-05-01;Kiemelt P1;10,5443690135135;Átlag;Budapest
2023-06-01;Kiemelt P1;10,3052013248408;Átlag;Budapest
2023-07-01;Kiemelt P1;10,6155477516779;Átlag;Budapest
2023-08-01;Kiemelt P1;11,6040430710059;Átlag;Budapest
2023-09-01;Kiemelt P1;13,1222218813559;Átlag;Budapest
2023-10-01;Kiemelt P1;12,031723125;Átlag;Budapest
2023-11-01;Kiemelt P1;11,343589451282;Átlag;Budapest
2023-12-01;Kiemelt P1;13,2220605228216;Átlag;Budapest
2024-01-01;Kiemelt P1;12,8516584312796;Átlag;Budapest
2024-02-01;Kiemelt P1;12,0484342651934;Átlag;Budapest
2024-03-01;Kiemelt P1;12,9789470116959;Átlag;Budapest
2024-04-01;Kiemelt P1;12,3017448376963;Átlag;Budapest
2024-05-01;Kiemelt P1;12,1660916091954;Átlag;Budapest
2024-06-01;Kiemelt P1;11,5424765;Átlag;Budapest
2024-07-01;Kiemelt P1;12,8655112029703;Átlag;Budapest
2024-08-01;Kiemelt P1;12,6796292901235;Átlag;Budapest
2024-09-01;Kiemelt P1;11,9593403516483;Átlag;Budapest
2024-10-01;Kiemelt P1;12,7831425142857;Átlag;Budapest
2018-11-01;Kiemelt P1;12,016666;Medián;Országos
2018-12-01;Kiemelt P1;12,766666;Medián;Országos
2019-01-01;Kiemelt P1;12,666666;Medián;Országos
2019-02-01;Kiemelt P1;11,583333;Medián;Országos
2019-03-01;Kiemelt P1;11,658333;Medián;Országos
2019-04-01;Kiemelt P1;11,133333;Medián;Országos
2019-05-01;Kiemelt P1;11,508333;Medián;Országos
2019-06-01;Kiemelt P1;11,558333;Medián;Országos
2019-07-01;Kiemelt P1;11,25;Medián;Országos
2019-08-01;Kiemelt P1;11,233333;Medián;Országos
2019-09-01;Kiemelt P1;11,35;Medián;Országos
2019-10-01;Kiemelt P1;11,616666;Medián;Országos
2019-11-01;Kiemelt P1;11,783333;Medián;Országos
2019-12-01;Kiemelt P1;12;Medián;Országos
2020-01-01;Kiemelt P1;9,9;Medián;Országos
2020-02-01;Kiemelt P1;10,2416665;Medián;Országos
2020-03-01;Kiemelt P1;9,733333;Medián;Országos
2020-04-01;Kiemelt P1;10,2;Medián;Országos
2020-05-01;Kiemelt P1;9,8499995;Medián;Országos
2020-06-01;Kiemelt P1;9,708333;Medián;Országos
2020-07-01;Kiemelt P1;10,083333;Medián;Országos
2020-08-01;Kiemelt P1;9,8;Medián;Országos
2020-09-01;Kiemelt P1;10,45;Medián;Országos
2020-10-01;Kiemelt P1;10,783333;Medián;Országos
2020-11-01;Kiemelt P1;11,466666;Medián;Országos
2020-12-01;Kiemelt P1;10,933333;Medián;Országos
2021-01-01;Kiemelt P1;10,666666;Medián;Országos
2021-02-01;Kiemelt P1;10,3416665;Medián;Országos
2021-03-01;Kiemelt P1;11,05;Medián;Országos
2021-04-01;Kiemelt P1;10,85;Medián;Országos
2021-05-01;Kiemelt P1;9,533333;Medián;Országos
2021-06-01;Kiemelt P1;9,566666;Medián;Országos
2021-07-01;Kiemelt P1;10,316666;Medián;Országos
2021-08-01;Kiemelt P1;10,008333;Medián;Országos
2021-09-01;Kiemelt P1;10,016666;Medián;Országos
2021-10-01;Kiemelt P1;10,6;Medián;Országos
2021-11-01;Kiemelt P1;11,066666;Medián;Országos
2021-12-01;Kiemelt P1;10,958333;Medián;Országos
2022-01-01;Kiemelt P1;10,633333;Medián;Országos
2022-02-01;Kiemelt P1;10,433333;Medián;Országos
2022-03-01;Kiemelt P1;10,15;Medián;Országos
2022-04-01;Kiemelt P1;10,35;Medián;Országos
2022-05-01;Kiemelt P1;10,816666;Medián;Országos
2022-06-01;Kiemelt P1;10,516666;Medián;Országos
2022-07-01;Kiemelt P1;10,883333;Medián;Országos
2022-08-01;Kiemelt P1;10,266666;Medián;Országos
2022-09-01;Kiemelt P1;10,3;Medián;Országos
2022-10-01;Kiemelt P1;10,016666;Medián;Országos
2022-11-01;Kiemelt P1;9,883333;Medián;Országos
2022-12-01;Kiemelt P1;10,15;Medián;Országos
2023-01-01;Kiemelt P1;9,666666;Medián;Országos
2023-02-01;Kiemelt P1;9,758333;Medián;Országos
2023-03-01;Kiemelt P1;9,216666;Medián;Országos
2023-04-01;Kiemelt P1;10,166666;Medián;Országos
2023-05-01;Kiemelt P1;9,716666;Medián;Országos
2023-06-01;Kiemelt P1;9,858333;Medián;Országos
2023-07-01;Kiemelt P1;9,25;Medián;Országos
2023-08-01;Kiemelt P1;10,25;Medián;Országos
2023-09-01;Kiemelt P1;9,9999995;Medián;Országos
2023-10-01;Kiemelt P1;10,35;Medián;Országos
2023-11-01;Kiemelt P1;10,283333;Medián;Országos
2023-12-01;Kiemelt P1;11,25;Medián;Országos
2024-01-01;Kiemelt P1;10,4;Medián;Országos
2024-02-01;Kiemelt P1;11,033333;Medián;Országos
2024-03-01;Kiemelt P1;10,916666;Medián;Országos
2024-04-01;Kiemelt P1;10,65;Medián;Országos
2024-05-01;Kiemelt P1;10,733333;Medián;Országos
2024-06-01;Kiemelt P1;10,55;Medián;Országos
2024-07-01;Kiemelt P1;10,966666;Medián;Országos
2024-08-01;Kiemelt P1;10,866666;Medián;Országos
2024-09-01;Kiemelt P1;10,7;Medián;Országos
2024-10-01;Kiemelt P1;10,8916665;Medián;Országos
2018-11-01;Kiemelt P1;16,2045869819341;Átlag;Országos
2018-12-01;Kiemelt P1;16,8613639719545;Átlag;Országos
2019-01-01;Kiemelt P1;16,6325584222756;Átlag;Országos
2019-02-01;Kiemelt P1;15,7637964769798;Átlag;Országos
2019-03-01;Kiemelt P1;14,3952811871401;Átlag;Országos
2019-04-01;Kiemelt P1;14,5289527753544;Átlag;Országos
2019-05-01;Kiemelt P1;15,0916029705323;Átlag;Országos
2019-06-01;Kiemelt P1;15,029516348;Átlag;Országos
2019-07-01;Kiemelt P1;13,7014374211124;Átlag;Országos
2019-08-01;Kiemelt P1;14,8004270111482;Átlag;Országos
2019-09-01;Kiemelt P1;14,0716083013205;Átlag;Országos
2019-10-01;Kiemelt P1;14,0364569826087;Átlag;Országos
2019-11-01;Kiemelt P1;14,0757668634921;Átlag;Országos
2019-12-01;Kiemelt P1;14,1662807463582;Átlag;Országos
2020-01-01;Kiemelt P1;11,4196301454965;Átlag;Országos
2020-02-01;Kiemelt P1;11,7697651633166;Átlag;Országos
2020-03-01;Kiemelt P1;10,731502566474;Átlag;Országos
2020-04-01;Kiemelt P1;11,3799837165072;Átlag;Országos
2020-05-01;Kiemelt P1;11,5327774283951;Átlag;Országos
2020-06-01;Kiemelt P1;10,91868716875;Átlag;Országos
2020-07-01;Kiemelt P1;11,9161329973333;Átlag;Országos
2020-08-01;Kiemelt P1;11,5622441163955;Átlag;Országos
2020-09-01;Kiemelt P1;12,0111516213235;Átlag;Országos
2020-10-01;Kiemelt P1;12,2771692928994;Átlag;Országos
2020-11-01;Kiemelt P1;13,3966964827303;Átlag;Országos
2020-12-01;Kiemelt P1;12,701328907099;Átlag;Országos
2021-01-01;Kiemelt P1;12,1023064207149;Átlag;Országos
2021-02-01;Kiemelt P1;12,0024736259766;Átlag;Országos
2021-03-01;Kiemelt P1;13,0761587488464;Átlag;Országos
2021-04-01;Kiemelt P1;12,0515999859485;Átlag;Országos
2021-05-01;Kiemelt P1;10,7973852950981;Átlag;Országos
2021-06-01;Kiemelt P1;11,0814510071211;Átlag;Országos
2021-07-01;Kiemelt P1;11,5789034994829;Átlag;Országos
2021-08-01;Kiemelt P1;11,1107895396826;Átlag;Országos
2021-09-01;Kiemelt P1;11,4920930177639;Átlag;Országos
2021-10-01;Kiemelt P1;12,0634783158363;Átlag;Országos
2021-11-01;Kiemelt P1;12,5778679929677;Átlag;Országos
2021-12-01;Kiemelt P1;12,0775834664805;Átlag;Országos
2022-01-01;Kiemelt P1;11,9031723415032;Átlag;Országos
2022-02-01;Kiemelt P1;11,9821865494411;Átlag;Országos
2022-03-01;Kiemelt P1;11,1288381498288;Átlag;Országos
2022-04-01;Kiemelt P1;11,5105567844255;Átlag;Országos
2022-05-01;Kiemelt P1;11,4828816145833;Átlag;Országos
2022-06-01;Kiemelt P1;11,7664255490196;Átlag;Országos
2022-07-01;Kiemelt P1;11,6989427590244;Átlag;Országos
2022-08-01;Kiemelt P1;11,6877112529297;Átlag;Országos
2022-09-01;Kiemelt P1;11,3606465311049;Átlag;Országos
2022-10-01;Kiemelt P1;11,3507347371737;Átlag;Országos
2022-11-01;Kiemelt P1;11,121710800368;Átlag;Országos
2022-12-01;Kiemelt P1;11,4248781473523;Átlag;Országos
2023-01-01;Kiemelt P1;10,9993675319149;Átlag;Országos
2023-02-01;Kiemelt P1;11,0068922779961;Átlag;Országos
2023-03-01;Kiemelt P1;10,3846194493997;Átlag;Országos
2023-04-01;Kiemelt P1;11,7814028197382;Átlag;Országos
2023-05-01;Kiemelt P1;10,9104122901354;Átlag;Országos
2023-06-01;Kiemelt P1;10,980650221328;Átlag;Országos
2023-07-01;Kiemelt P1;10,6418317753396;Átlag;Országos
2023-08-01;Kiemelt P1;11,2903876878307;Átlag;Országos
2023-09-01;Kiemelt P1;11,6753761190965;Átlag;Országos
2023-10-01;Kiemelt P1;12,427994811647;Átlag;Országos
2023-11-01;Kiemelt P1;11,4414166744939;Átlag;Országos
2023-12-01;Kiemelt P1;12,8163101628593;Átlag;Országos
2024-01-01;Kiemelt P1;11,8695778946939;Átlag;Országos
2024-02-01;Kiemelt P1;11,8578013862069;Átlag;Országos
2024-03-01;Kiemelt P1;12,6010378274411;Átlag;Országos
2024-04-01;Kiemelt P1;11,8733146102941;Átlag;Országos
2024-05-01;Kiemelt P1;12,0383426406551;Átlag;Országos
2024-06-01;Kiemelt P1;11,7568527919529;Átlag;Országos
2024-07-01;Kiemelt P1;12,3016735471862;Átlag;Országos
2024-08-01;Kiemelt P1;12,0997581086957;Átlag;Országos
2024-09-01;Kiemelt P1;11,8153568241071;Átlag;Országos
2024-10-01;Kiemelt P1;12,1076265389273;Átlag;Országos
2018-11-01;P1;17,283333;Medián;Budapest
2018-12-01;P1;17,783333;Medián;Budapest
2019-01-01;P1;16,716666;Medián;Budapest
2019-02-01;P1;16,05;Medián;Budapest
2019-03-01;P1;14,966666;Medián;Budapest
2019-04-01;P1;14,316666;Medián;Budapest
2019-05-01;P1;14,266666;Medián;Budapest
2019-06-01;P1;15,333333;Medián;Budapest
2019-07-01;P1;14,55;Medián;Budapest
2019-08-01;P1;14,2;Medián;Budapest
2019-09-01;P1;14,45;Medián;Budapest
2019-10-01;P1;13,8;Medián;Budapest
2019-11-01;P1;14,233333;Medián;Budapest
2019-12-01;P1;14,45;Medián;Budapest
2020-01-01;P1;13,983333;Medián;Budapest
2020-02-01;P1;13,516666;Medián;Budapest
2020-03-01;P1;12,883333;Medián;Budapest
2020-04-01;P1;12,3;Medián;Budapest
2020-05-01;P1;12,083333;Medián;Budapest
2020-06-01;P1;12,066666;Medián;Budapest
2020-07-01;P1;12,608333;Medián;Budapest
2020-08-01;P1;12,3;Medián;Budapest
2020-09-01;P1;13,166666;Medián;Budapest
2020-10-01;P1;13,4;Medián;Budapest
2020-11-01;P1;15,3749995;Medián;Budapest
2020-12-01;P1;14,6;Medián;Budapest
2021-01-01;P1;13,366666;Medián;Budapest
2021-02-01;P1;13,566666;Medián;Budapest
2021-03-01;P1;15,1;Medián;Budapest
2021-04-01;P1;12,5;Medián;Budapest
2021-05-01;P1;11,35;Medián;Budapest
2021-06-01;P1;11,866666;Medián;Budapest
2021-07-01;P1;12,083333;Medián;Budapest
2021-08-01;P1;12,066666;Medián;Budapest
2021-09-01;P1;12,183333;Medián;Budapest
2021-10-01;P1;12,733333;Medián;Budapest
2021-11-01;P1;13,583333;Medián;Budapest
2021-12-01;P1;13,133333;Medián;Budapest
2022-01-01;P1;12,466666;Medián;Budapest
2022-02-01;P1;12,7916665;Medián;Budapest
2022-03-01;P1;13,0416665;Medián;Budapest
2022-04-01;P1;13,066666;Medián;Budapest
2022-05-01;P1;12,616666;Medián;Budapest
2022-06-01;P1;12,7;Medián;Budapest
2022-07-01;P1;12,916666;Medián;Budapest
2022-08-01;P1;12,116666;Medián;Budapest
2022-09-01;P1;12,033333;Medián;Budapest
2022-10-01;P1;12,25;Medián;Budapest
2022-11-01;P1;11,7416665;Medián;Budapest
2022-12-01;P1;11,966666;Medián;Budapest
2023-01-01;P1;11,716666;Medián;Budapest
2023-02-01;P1;11,166666;Medián;Budapest
2023-03-01;P1;11,016666;Medián;Budapest
2023-04-01;P1;11,166666;Medián;Budapest
2023-05-01;P1;11,3249995;Medián;Budapest
2023-06-01;P1;11,316666;Medián;Budapest
2023-07-01;P1;11,35;Medián;Budapest
2023-08-01;P1;12,0249995;Medián;Budapest
2023-09-01;P1;12,1;Medián;Budapest
2023-10-01;P1;12,383333;Medián;Budapest
2023-11-01;P1;12,866666;Medián;Budapest
2023-12-01;P1;13,966666;Medián;Budapest
2024-01-01;P1;13,4;Medián;Budapest
2024-02-01;P1;13,633333;Medián;Budapest
2024-03-01;P1;14,066666;Medián;Budapest
2024-04-01;P1;13,916666;Medián;Budapest
2024-05-01;P1;13,4;Medián;Budapest
2024-06-01;P1;13,7;Medián;Budapest
2024-07-01;P1;13,666666;Medián;Budapest
2024-08-01;P1;13,408333;Medián;Budapest
2024-09-01;P1;13,4249995;Medián;Budapest
2024-10-01;P1;13,316666;Medián;Budapest
2018-11-01;P1;22,9330341823004;Átlag;Budapest
2018-12-01;P1;24,067520268543;Átlag;Budapest
2019-01-01;P1;21,8833666119327;Átlag;Budapest
2019-02-01;P1;20,6352767677693;Átlag;Budapest
2019-03-01;P1;18,7951909368498;Átlag;Budapest
2019-04-01;P1;17,5910054401629;Átlag;Budapest
2019-05-01;P1;18,1738009700803;Átlag;Budapest
2019-06-01;P1;19,7948686573131;Átlag;Budapest
2019-07-01;P1;18,4090905717221;Átlag;Budapest
2019-08-01;P1;17,8637629828009;Átlag;Budapest
2019-09-01;P1;18,8504899884879;Átlag;Budapest
2019-10-01;P1;17,6104336294576;Átlag;Budapest
2019-11-01;P1;17,7611122605802;Átlag;Budapest
2019-12-01;P1;18,2611810018726;Átlag;Budapest
2020-01-01;P1;16,6223984315735;Átlag;Budapest
2020-02-01;P1;15,9304528551088;Átlag;Budapest
2020-03-01;P1;15,8042937278124;Átlag;Budapest
2020-04-01;P1;14,573971219531;Átlag;Budapest
2020-05-01;P1;13,9477609629051;Átlag;Budapest
2020-06-01;P1;13,949606963964;Átlag;Budapest
2020-07-01;P1;14,8131389914021;Átlag;Budapest
2020-08-01;P1;14,644842795889;Átlag;Budapest
2020-09-01;P1;16,1021668735305;Átlag;Budapest
2020-10-01;P1;17,4556376140537;Átlag;Budapest
2020-11-01;P1;20,9983133690213;Átlag;Budapest
2020-12-01;P1;19,6072790171981;Átlag;Budapest
2021-01-01;P1;16,4483087550138;Átlag;Budapest
2021-02-01;P1;16,2621503304982;Átlag;Budapest
2021-03-01;P1;19,0539545627062;Átlag;Budapest
2021-04-01;P1;14,5495103008511;Átlag;Budapest
2021-05-01;P1;12,7236562966361;Átlag;Budapest
2021-06-01;P1;13,436252808047;Átlag;Budapest
2021-07-01;P1;13,6122371977012;Átlag;Budapest
2021-08-01;P1;13,8243983652059;Átlag;Budapest
2021-09-01;P1;13,9194889797102;Átlag;Budapest
2021-10-01;P1;14,6729352698538;Átlag;Budapest
2021-11-01;P1;15,9991300443311;Átlag;Budapest
2021-12-01;P1;14,9446034897542;Átlag;Budapest
2022-01-01;P1;14,2881843662291;Átlag;Budapest
2022-02-01;P1;14,3477046555259;Átlag;Budapest
2022-03-01;P1;14,9034760677711;Átlag;Budapest
2022-04-01;P1;14,9744995279806;Átlag;Budapest
2022-05-01;P1;14,2560402010913;Átlag;Budapest
2022-06-01;P1;14,7902577369275;Átlag;Budapest
2022-07-01;P1;15,3983482945678;Átlag;Budapest
2022-08-01;P1;14,1091167474089;Átlag;Budapest
2022-09-01;P1;13,6982965451293;Átlag;Budapest
2022-10-01;P1;13,8856460176119;Átlag;Budapest
2022-11-01;P1;13,34255875;Átlag;Budapest
2022-12-01;P1;13,4684059270665;Átlag;Budapest
2023-01-01;P1;13,0008535929775;Átlag;Budapest
2023-02-01;P1;12,4028098968069;Átlag;Budapest
2023-03-01;P1;12,2951628561329;Átlag;Budapest
2023-04-01;P1;12,5266249326055;Átlag;Budapest
2023-05-01;P1;12,552966695055;Átlag;Budapest
2023-06-01;P1;12,4968811156443;Átlag;Budapest
2023-07-01;P1;12,7681342287034;Átlag;Budapest
2023-08-01;P1;13,5919010749296;Átlag;Budapest
2023-09-01;P1;13,8026312549958;Átlag;Budapest
2023-10-01;P1;13,9423607852365;Átlag;Budapest
2023-11-01;P1;14,5540150394911;Átlag;Budapest
2023-12-01;P1;16,0850394906279;Átlag;Budapest
2024-01-01;P1;15,2618893746048;Átlag;Budapest
2024-02-01;P1;15,3202701804591;Átlag;Budapest
2024-03-01;P1;16,2550330612475;Átlag;Budapest
2024-04-01;P1;15,9203875591296;Átlag;Budapest
2024-05-01;P1;15,2873186150107;Átlag;Budapest
2024-06-01;P1;15,511608147382;Átlag;Budapest
2024-07-01;P1;15,6334210774013;Átlag;Budapest
2024-08-01;P1;15,3449996639456;Átlag;Budapest
2024-09-01;P1;14,9635269910468;Átlag;Budapest
2024-10-01;P1;14,7850619960976;Átlag;Budapest
2018-11-01;P1;13,466666;Medián;Országos
2018-12-01;P1;13,65;Medián;Országos
2019-01-01;P1;13,583333;Medián;Országos
2019-02-01;P1;12,983333;Medián;Országos
2019-03-01;P1;12,666666;Medián;Országos
2019-04-01;P1;12,5;Medián;Országos
2019-05-01;P1;12,466666;Medián;Országos
2019-06-01;P1;12,866666;Medián;Országos
2019-07-01;P1;12,516666;Medián;Országos
2019-08-01;P1;12,533333;Medián;Országos
2019-09-01;P1;12,4;Medián;Országos
2019-10-01;P1;12,266666;Medián;Országos
2019-11-01;P1;12,683333;Medián;Országos
2019-12-01;P1;13,2;Medián;Országos
2020-01-01;P1;12,4916665;Medián;Országos
2020-02-01;P1;12,033333;Medián;Országos
2020-03-01;P1;11,766666;Medián;Országos
2020-04-01;P1;11,533333;Medián;Országos
2020-05-01;P1;11,45;Medián;Országos
2020-06-01;P1;11,316666;Medián;Országos
2020-07-01;P1;11,7;Medián;Országos
2020-08-01;P1;11,416666;Medián;Országos
2020-09-01;P1;11,9;Medián;Országos
2020-10-01;P1;12,333333;Medián;Országos
2020-11-01;P1;13,583333;Medián;Országos
2020-12-01;P1;13;Medián;Országos
2021-01-01;P1;12,283333;Medián;Országos
2021-02-01;P1;12,016666;Medián;Országos
2021-03-01;P1;13,016666;Medián;Országos
2021-04-01;P1;11,616666;Medián;Országos
2021-05-01;P1;10,75;Medián;Országos
2021-06-01;P1;11,0416665;Medián;Országos
2021-07-01;P1;11,033333;Medián;Országos
2021-08-01;P1;11,183333;Medián;Országos
2021-09-01;P1;11,15;Medián;Országos
2021-10-01;P1;11,633333;Medián;Országos
2021-11-01;P1;12,283333;Medián;Országos
2021-12-01;P1;11,916666;Medián;Országos
2022-01-01;P1;11,833333;Medián;Országos
2022-02-01;P1;11,75;Medián;Országos
2022-03-01;P1;11,583333;Medián;Országos
2022-04-01;P1;11,65;Medián;Országos
2022-05-01;P1;11,55;Medián;Országos
2022-06-01;P1;11,633333;Medián;Országos
2022-07-01;P1;11,983333;Medián;Országos
2022-08-01;P1;11,35;Medián;Országos
2022-09-01;P1;10,9;Medián;Országos
2022-10-01;P1;11,233333;Medián;Országos
2022-11-01;P1;10,883333;Medián;Országos
2022-12-01;P1;11,133333;Medián;Országos
2023-01-01;P1;10,916666;Medián;Országos
2023-02-01;P1;10,733333;Medián;Országos
2023-03-01;P1;10,55;Medián;Országos
2023-04-01;P1;10,533333;Medián;Országos
2023-05-01;P1;10,608333;Medián;Országos
2023-06-01;P1;10,616666;Medián;Országos
2023-07-01;P1;10,8;Medián;Országos
2023-08-01;P1;11,066666;Medián;Országos
2023-09-01;P1;11,016666;Medián;Országos
2023-10-01;P1;11,366666;Medián;Országos
2023-11-01;P1;11,816666;Medián;Országos
2023-12-01;P1;12,833333;Medián;Országos
2024-01-01;P1;12,366666;Medián;Országos
2024-02-01;P1;12,25;Medián;Országos
2024-03-01;P1;12,7;Medián;Országos
2024-04-01;P1;12,516666;Medián;Országos
2024-05-01;P1;12,45;Medián;Országos
2024-06-01;P1;12,516666;Medián;Országos
2024-07-01;P1;12,516666;Medián;Országos
2024-08-01;P1;12,366666;Medián;Országos
2024-09-01;P1;12,066666;Medián;Országos
2024-10-01;P1;12,233333;Medián;Országos
2018-11-01;P1;17,0410059683793;Átlag;Országos
2018-12-01;P1;17,4164842841973;Átlag;Országos
2019-01-01;P1;17,0302032154161;Átlag;Országos
2019-02-01;P1;16,1639161529472;Átlag;Országos
2019-03-01;P1;15,6390536390143;Átlag;Országos
2019-04-01;P1;15,3681893917788;Átlag;Országos
2019-05-01;P1;15,370674624254;Átlag;Országos
2019-06-01;P1;16,1324909922971;Átlag;Országos
2019-07-01;P1;15,597531996197;Átlag;Országos
2019-08-01;P1;15,5086326048439;Átlag;Országos
2019-09-01;P1;15,3485652302184;Átlag;Országos
2019-10-01;P1;15,3079424132047;Átlag;Országos
2019-11-01;P1;15,6127762691177;Átlag;Országos
2019-12-01;P1;16,3930092265406;Átlag;Országos
2020-01-01;P1;14,5428092440063;Átlag;Országos
2020-02-01;P1;14,0681363297419;Átlag;Országos
2020-03-01;P1;16,2442886780371;Átlag;Országos
2020-04-01;P1;13,5287956434031;Átlag;Országos
2020-05-01;P1;13,0468452607533;Átlag;Országos
2020-06-01;P1;13,0026571023965;Átlag;Országos
2020-07-01;P1;13,669359615758;Átlag;Országos
2020-08-01;P1;13,295108516652;Átlag;Országos
2020-09-01;P1;14,4788682756415;Átlag;Országos
2020-10-01;P1;14,9744890833884;Átlag;Országos
2020-11-01;P1;16,8390151174582;Átlag;Országos
2020-12-01;P1;16,1012641729798;Átlag;Országos
2021-01-01;P1;14,2746936185144;Átlag;Országos
2021-02-01;P1;14,0261500018101;Átlag;Országos
2021-03-01;P1;15,8237592658836;Átlag;Országos
2021-04-01;P1;13,3962897662812;Átlag;Országos
2021-05-01;P1;12,2120867113447;Átlag;Országos
2021-06-01;P1;12,6338947345376;Átlag;Országos
2021-07-01;P1;12,4323005490216;Átlag;Országos
2021-08-01;P1;12,8312183396379;Átlag;Országos
2021-09-01;P1;12,8619327694281;Átlag;Országos
2021-10-01;P1;13,3408888651362;Átlag;Országos
2021-11-01;P1;14,2905426763438;Átlag;Országos
2021-12-01;P1;13,5773911404533;Átlag;Országos
2022-01-01;P1;13,2318113080982;Átlag;Országos
2022-02-01;P1;13,0887675136018;Átlag;Országos
2022-03-01;P1;13,2356083335121;Átlag;Országos
2022-04-01;P1;13,2600541771498;Átlag;Országos
2022-05-01;P1;13,129823362449;Átlag;Országos
2022-06-01;P1;13,2414800608437;Átlag;Országos
2022-07-01;P1;13,6776451522116;Átlag;Országos
2022-08-01;P1;12,9011178263319;Átlag;Országos
2022-09-01;P1;12,4012842181205;Átlag;Országos
2022-10-01;P1;12,7155514809233;Átlag;Országos
2022-11-01;P1;12,3210364880674;Átlag;Országos
2022-12-01;P1;12,633388348777;Átlag;Országos
2023-01-01;P1;12,1248699656589;Átlag;Országos
2023-02-01;P1;11,9465467687015;Átlag;Országos
2023-03-01;P1;11,7715483881474;Átlag;Országos
2023-04-01;P1;11,8956878792024;Átlag;Országos
2023-05-01;P1;11,847235023644;Átlag;Országos
2023-06-01;P1;12,0274654410986;Átlag;Országos
2023-07-01;P1;12,133384006121;Átlag;Országos
2023-08-01;P1;12,4190245988891;Átlag;Országos
2023-09-01;P1;12,5980068903621;Átlag;Országos
2023-10-01;P1;12,8929759574255;Átlag;Országos
2023-11-01;P1;13,3066181230706;Átlag;Országos
2023-12-01;P1;14,5777206621238;Átlag;Országos
2024-01-01;P1;14,0051698518065;Átlag;Országos
2024-02-01;P1;13,7809860871882;Átlag;Országos
2024-03-01;P1;14,4484602068242;Átlag;Országos
2024-04-01;P1;14,1640023249094;Átlag;Országos
2024-05-01;P1;14,0983091376395;Átlag;Országos
2024-06-01;P1;14,0802626269864;Átlag;Országos
2024-07-01;P1;14,1233786785624;Átlag;Országos
2024-08-01;P1;13,923829146159;Átlag;Országos
2024-09-01;P1;13,5425202387647;Átlag;Országos
2024-10-01;P1;13,5966115875145;Átlag;Országos
2018-11-01;P2;22,85;Medián;Budapest
2018-12-01;P2;24,55;Medián;Budapest
2019-01-01;P2;23,6;Medián;Budapest
2019-02-01;P2;22,383333;Medián;Budapest
2019-03-01;P2;20,55;Medián;Budapest
2019-04-01;P2;19,05;Medián;Budapest
2019-05-01;P2;19,566666;Medián;Budapest
2019-06-01;P2;22,3416665;Medián;Budapest
2019-07-01;P2;21,816666;Medián;Budapest
2019-08-01;P2;20,816666;Medián;Budapest
2019-09-01;P2;22,016666;Medián;Budapest
2019-10-01;P2;20,633333;Medián;Budapest
2019-11-01;P2;20,916666;Medián;Budapest
2019-12-01;P2;21,766666;Medián;Budapest
2020-01-01;P2;20,6249995;Medián;Budapest
2020-02-01;P2;19,866666;Medián;Budapest
2020-03-01;P2;18,833333;Medián;Budapest
2020-04-01;P2;16,583333;Medián;Budapest
2020-05-01;P2;16,083333;Medián;Budapest
2020-06-01;P2;17,083333;Medián;Budapest
2020-07-01;P2;18,0416665;Medián;Budapest
2020-08-01;P2;19,466666;Medián;Budapest
2020-09-01;P2;22,433333;Medián;Budapest
2020-10-01;P2;25,083333;Medián;Budapest
2020-11-01;P2;33,966666;Medián;Budapest
2020-12-01;P2;28,416666;Medián;Budapest
2021-01-01;P2;24,1;Medián;Budapest
2021-02-01;P2;25,566666;Medián;Budapest
2021-03-01;P2;32,416666;Medián;Budapest
2021-04-01;P2;20,883333;Medián;Budapest
2021-05-01;P2;18,833333;Medián;Budapest
2021-06-01;P2;22,966666;Medián;Budapest
2021-07-01;P2;24,366666;Medián;Budapest
2021-08-01;P2;24,733333;Medián;Budapest
2021-09-01;P2;26;Medián;Budapest
2021-10-01;P2;28,383333;Medián;Budapest
2021-11-01;P2;30,516666;Medián;Budapest
2021-12-01;P2;27,0416665;Medián;Budapest
2022-01-01;P2;26,916666;Medián;Budapest
2022-02-01;P2;27,866666;Medián;Budapest
2022-03-01;P2;29,916666;Medián;Budapest
2022-04-01;P2;28,75;Medián;Budapest
2022-05-01;P2;25,883333;Medián;Budapest
2022-06-01;P2;28,866666;Medián;Budapest
2022-07-01;P2;31,316666;Medián;Budapest
2022-08-01;P2;30,033333;Medián;Budapest
2022-09-01;P2;28,133333;Medián;Budapest
2022-10-01;P2;27,266666;Medián;Budapest
2022-11-01;P2;26,466666;Medián;Budapest
2022-12-01;P2;27,533333;Medián;Budapest
2023-01-01;P2;23,716666;Medián;Budapest
2023-02-01;P2;23,916666;Medián;Budapest
2023-03-01;P2;26,033333;Medián;Budapest
2023-04-01;P2;26,35;Medián;Budapest
2023-05-01;P2;24,25;Medián;Budapest
2023-06-01;P2;23,883333;Medián;Budapest
2023-07-01;P2;27,616666;Medián;Budapest
2023-08-01;P2;27,266666;Medián;Budapest
2023-09-01;P2;28,566666;Medián;Budapest
2023-10-01;P2;31,008333;Medián;Budapest
2023-11-01;P2;30,3416665;Medián;Budapest
2023-12-01;P2;36,433333;Medián;Budapest
2024-01-01;P2;34,216666;Medián;Budapest
2024-02-01;P2;30,816666;Medián;Budapest
2024-03-01;P2;29,416666;Medián;Budapest
2024-04-01;P2;24,833333;Medián;Budapest
2024-05-01;P2;25,408333;Medián;Budapest
2024-06-01;P2;25,0749995;Medián;Budapest
2024-07-01;P2;24,766666;Medián;Budapest
2024-08-01;P2;25,35;Medián;Budapest
2024-09-01;P2;25,283333;Medián;Budapest
2024-10-01;P2;24,433333;Medián;Budapest
2018-11-01;P2;29,9907983961954;Átlag;Budapest
2018-12-01;P2;33,6396485164114;Átlag;Budapest
2019-01-01;P2;31,4286218137834;Átlag;Budapest
2019-02-01;P2;29,1361292189471;Átlag;Budapest
2019-03-01;P2;27,0705274115247;Átlag;Budapest
2019-04-01;P2;24,6066035734089;Átlag;Budapest
2019-05-01;P2;25,6977463677494;Átlag;Budapest
2019-06-01;P2;31,0534023744727;Átlag;Budapest
2019-07-01;P2;29,3835619769744;Átlag;Budapest
2019-08-01;P2;28,6381695569324;Átlag;Budapest
2019-09-01;P2;30,2214705158961;Átlag;Budapest
2019-10-01;P2;27,9026163415831;Átlag;Budapest
2019-11-01;P2;28,8132062415454;Átlag;Budapest
2019-12-01;P2;30,1485046883903;Átlag;Budapest
2020-01-01;P2;28,0157876475942;Átlag;Budapest
2020-02-01;P2;27,0435403485212;Átlag;Budapest
2020-03-01;P2;25,88536784331;Átlag;Budapest
2020-04-01;P2;21,540295752865;Átlag;Budapest
2020-05-01;P2;20,664464985503;Átlag;Budapest
2020-06-01;P2;22,6619141843343;Átlag;Budapest
2020-07-01;P2;24,0336732585161;Átlag;Budapest
2020-08-01;P2;26,5581627353003;Átlag;Budapest
2020-09-01;P2;32,8682572072942;Átlag;Budapest
2020-10-01;P2;38,6056862097225;Átlag;Budapest
2020-11-01;P2;54,2434113664275;Átlag;Budapest
2020-12-01;P2;42,5593359633281;Átlag;Budapest
2021-01-01;P2;35,5630330194195;Átlag;Budapest
2021-02-01;P2;38,5956116047332;Átlag;Budapest
2021-03-01;P2;48,945327700359;Átlag;Budapest
2021-04-01;P2;27,4244872642955;Átlag;Budapest
2021-05-01;P2;24,2825145176181;Átlag;Budapest
2021-06-01;P2;31,2380716973478;Átlag;Budapest
2021-07-01;P2;32,8667814236953;Átlag;Budapest
2021-08-01;P2;33,4512928731555;Átlag;Budapest
2021-09-01;P2;36,3126468098254;Átlag;Budapest
2021-10-01;P2;39,5258010331174;Átlag;Budapest
2021-11-01;P2;41,8176378390575;Átlag;Budapest
2021-12-01;P2;37,1949741373858;Átlag;Budapest
2022-01-01;P2;36,9334255103299;Átlag;Budapest
2022-02-01;P2;37,4410998828908;Átlag;Budapest
2022-03-01;P2;41,0197368501472;Átlag;Budapest
2022-04-01;P2;38,8619500320256;Átlag;Budapest
2022-05-01;P2;34,099758503766;Átlag;Budapest
2022-06-01;P2;38,8960604554091;Átlag;Budapest
2022-07-01;P2;43,5279681345685;Átlag;Budapest
2022-08-01;P2;40,9186279686719;Átlag;Budapest
2022-09-01;P2;38,4041948223416;Átlag;Budapest
2022-10-01;P2;37,1763306150117;Átlag;Budapest
2022-11-01;P2;35,9656934821466;Átlag;Budapest
2022-12-01;P2;38,528936268773;Átlag;Budapest
2023-01-01;P2;31,3665268690814;Átlag;Budapest
2023-02-01;P2;31,9994546389532;Átlag;Budapest
2023-03-01;P2;35,4452000161532;Átlag;Budapest
2023-04-01;P2;36,87470702799;Átlag;Budapest
2023-05-01;P2;32,7429132395917;Átlag;Budapest
2023-06-01;P2;32,1456608990014;Átlag;Budapest
2023-07-01;P2;37,8764342902442;Átlag;Budapest
2023-08-01;P2;37,4970815950414;Átlag;Budapest
2023-09-01;P2;39,8743643884661;Átlag;Budapest
2023-10-01;P2;42,8044508605994;Átlag;Budapest
2023-11-01;P2;41,5807112962097;Átlag;Budapest
2023-12-01;P2;49,5666402271267;Átlag;Budapest
2024-01-01;P2;45,6401447503834;Átlag;Budapest
2024-02-01;P2;40,5104630672992;Átlag;Budapest
2024-03-01;P2;38,6823399154034;Átlag;Budapest
2024-04-01;P2;32,7017060796123;Átlag;Budapest
2024-05-01;P2;32,7990847447603;Átlag;Budapest
2024-06-01;P2;31,8985808932019;Átlag;Budapest
2024-07-01;P2;32,5805947504667;Átlag;Budapest
2024-08-01;P2;32,5506269936573;Átlag;Budapest
2024-09-01;P2;31,5074985963429;Átlag;Budapest
2024-10-01;P2;30,7895898447388;Átlag;Budapest
2018-11-01;P2;15,883333;Medián;Országos
2018-12-01;P2;16,85;Medián;Országos
2019-01-01;P2;16,733333;Medián;Országos
2019-02-01;P2;15,3;Medián;Országos
2019-03-01;P2;14,583333;Medián;Országos
2019-04-01;P2;14,466666;Medián;Országos
2019-05-01;P2;14,466666;Medián;Országos
2019-06-01;P2;14,65;Medián;Országos
2019-07-01;P2;14,366666;Medián;Országos
2019-08-01;P2;14,216666;Medián;Országos
2019-09-01;P2;13,966666;Medián;Országos
2019-10-01;P2;13,716666;Medián;Országos
2019-11-01;P2;13,783333;Medián;Országos
2019-12-01;P2;14,1;Medián;Országos
2020-01-01;P2;13,683333;Medián;Országos
2020-02-01;P2;13,25;Medián;Országos
2020-03-01;P2;13,5;Medián;Országos
2020-04-01;P2;13,666666;Medián;Országos
2020-05-01;P2;13,283333;Medián;Országos
2020-06-01;P2;13,216666;Medián;Országos
2020-07-01;P2;13,3;Medián;Országos
2020-08-01;P2;13,733333;Medián;Országos
2020-09-01;P2;14,116666;Medián;Országos
2020-10-01;P2;15,466666;Medián;Országos
2020-11-01;P2;17,616666;Medián;Országos
2020-12-01;P2;16,516666;Medián;Országos
2021-01-01;P2;15,533333;Medián;Országos
2021-02-01;P2;15,983333;Medián;Országos
2021-03-01;P2;18,65;Medián;Országos
2021-04-01;P2;16,25;Medián;Országos
2021-05-01;P2;14,483333;Medián;Országos
2021-06-01;P2;14,533333;Medián;Országos
2021-07-01;P2;14,7;Medián;Országos
2021-08-01;P2;14,766666;Medián;Országos
2021-09-01;P2;14,883333;Medián;Országos
2021-10-01;P2;15,716666;Medián;Országos
2021-11-01;P2;17,533333;Medián;Országos
2021-12-01;P2;16,65;Medián;Országos
2022-01-01;P2;16,233333;Medián;Országos
2022-02-01;P2;16,15;Medián;Országos
2022-03-01;P2;15,833333;Medián;Országos
2022-04-01;P2;15,683333;Medián;Országos
2022-05-01;P2;15,25;Medián;Országos
2022-06-01;P2;15,683333;Medián;Országos
2022-07-01;P2;16,166666;Medián;Országos
2022-08-01;P2;15,6;Medián;Országos
2022-09-01;P2;14,983333;Medián;Országos
2022-10-01;P2;15,033333;Medián;Országos
2022-11-01;P2;15,083333;Medián;Országos
2022-12-01;P2;15,383333;Medián;Országos
2023-01-01;P2;14,816666;Medián;Országos
2023-02-01;P2;14,683333;Medián;Országos
2023-03-01;P2;14,55;Medián;Országos
2023-04-01;P2;14,7;Medián;Országos
2023-05-01;P2;14,55;Medián;Országos
2023-06-01;P2;14,466666;Medián;Országos
2023-07-01;P2;14,766666;Medián;Országos
2023-08-01;P2;15;Medián;Országos
2023-09-01;P2;14,85;Medián;Országos
2023-10-01;P2;15,466666;Medián;Országos
2023-11-01;P2;16,083333;Medián;Országos
2023-12-01;P2;17,7;Medián;Országos
2024-01-01;P2;16,95;Medián;Országos
2024-02-01;P2;16,816666;Medián;Országos
2024-03-01;P2;16,516666;Medián;Országos
2024-04-01;P2;15,95;Medián;Országos
2024-05-01;P2;16,25;Medián;Országos
2024-06-01;P2;16,233333;Medián;Országos
2024-07-01;P2;16,433333;Medián;Országos
2024-08-01;P2;16,466666;Medián;Országos
2024-09-01;P2;16,266666;Medián;Országos
2024-10-01;P2;16,35;Medián;Országos
2018-11-01;P2;21,6313364599063;Átlag;Országos
2018-12-01;P2;23,2612930728024;Átlag;Országos
2019-01-01;P2;22,7989885879787;Átlag;Országos
2019-02-01;P2;20,3713814600048;Átlag;Országos
2019-03-01;P2;19,0481362045952;Átlag;Országos
2019-04-01;P2;18,8314699159122;Átlag;Országos
2019-05-01;P2;18,8503074073401;Átlag;Országos
2019-06-01;P2;19,8492706773548;Átlag;Országos
2019-07-01;P2;19,0936978708494;Átlag;Országos
2019-08-01;P2;18,7315911306377;Átlag;Országos
2019-09-01;P2;18,7554812625966;Átlag;Országos
2019-10-01;P2;18,2197855803787;Átlag;Országos
2019-11-01;P2;18,2744919372713;Átlag;Országos
2019-12-01;P2;18,7235162005719;Átlag;Országos
2020-01-01;P2;17,9105158715778;Átlag;Országos
2020-02-01;P2;16,9531920386555;Átlag;Országos
2020-03-01;P2;17,4720488841694;Átlag;Országos
2020-04-01;P2;17,0015605962511;Átlag;Országos
2020-05-01;P2;16,3897563456031;Átlag;Országos
2020-06-01;P2;16,6660919028953;Átlag;Országos
2020-07-01;P2;16,9613982843634;Átlag;Országos
2020-08-01;P2;17,6265763112771;Átlag;Országos
2020-09-01;P2;19,3952041980091;Átlag;Országos
2020-10-01;P2;22,6408747053358;Átlag;Országos
2020-11-01;P2;28,37219292295;Átlag;Országos
2020-12-01;P2;23,8404454693626;Átlag;Országos
2021-01-01;P2;21,2836501478005;Átlag;Országos
2021-02-01;P2;22,5875378510993;Átlag;Országos
2021-03-01;P2;28,9383615775125;Átlag;Országos
2021-04-01;P2;21,3099873072497;Átlag;Országos
2021-05-01;P2;18,4679952309656;Átlag;Országos
2021-06-01;P2;19,5850587975802;Átlag;Országos
2021-07-01;P2;19,8633928087144;Átlag;Országos
2021-08-01;P2;19,9045668595725;Átlag;Országos
2021-09-01;P2;20,6365907626505;Átlag;Országos
2021-10-01;P2;22,1658647174055;Átlag;Országos
2021-11-01;P2;25,1508638632372;Átlag;Országos
2021-12-01;P2;22,6866917090222;Átlag;Országos
2022-01-01;P2;21,9709040540584;Átlag;Országos
2022-02-01;P2;21,8437115092984;Átlag;Országos
2022-03-01;P2;22,2074142673958;Átlag;Országos
2022-04-01;P2;21,6449540526121;Átlag;Országos
2022-05-01;P2;20,3595323536047;Átlag;Országos
2022-06-01;P2;21,6760534178454;Átlag;Országos
2022-07-01;P2;22,9957079383067;Átlag;Országos
2022-08-01;P2;21,8956652471868;Átlag;Országos
2022-09-01;P2;20,9597574474613;Átlag;Országos
2022-10-01;P2;20,9225272846977;Átlag;Országos
2022-11-01;P2;20,7231112019216;Átlag;Országos
2022-12-01;P2;21,4186863399743;Átlag;Országos
2023-01-01;P2;19,3241391361994;Átlag;Országos
2023-02-01;P2;19,3468275042347;Átlag;Országos
2023-03-01;P2;19,9957664286944;Átlag;Országos
2023-04-01;P2;20,4226725192959;Átlag;Országos
2023-05-01;P2;19,462191387018;Átlag;Országos
2023-06-01;P2;19,2672604386709;Átlag;Országos
2023-07-01;P2;20,4251510341573;Átlag;Országos
2023-08-01;P2;20,5427634420467;Átlag;Országos
2023-09-01;P2;21,0371199937921;Átlag;Országos
2023-10-01;P2;22,0790787321345;Átlag;Országos
2023-11-01;P2;22,484877567087;Átlag;Országos
2023-12-01;P2;25,7184389354871;Átlag;Országos
2024-01-01;P2;24,1672265960382;Átlag;Országos
2024-02-01;P2;23,0599841540479;Átlag;Országos
2024-03-01;P2;22,2399613579034;Átlag;Országos
2024-04-01;P2;20,7716631397838;Átlag;Országos
2024-05-01;P2;21,0346383463733;Átlag;Országos
2024-06-01;P2;20,8970346024324;Átlag;Országos
2024-07-01;P2;21,339252542552;Átlag;Országos
2024-08-01;P2;21,3731509715184;Átlag;Országos
2024-09-01;P2;20,6807304801521;Átlag;Országos
2024-10-01;P2;20,8062776951222;Átlag;Országos
2018-11-01;P3;27,2916665;Medián;Budapest
2018-12-01;P3;31,066666;Medián;Budapest
2019-01-01;P3;30,933333;Medián;Budapest
2019-02-01;P3;31,25;Medián;Budapest
2019-03-01;P3;28,441666;Medián;Budapest
2019-04-01;P3;24,666666;Medián;Budapest
2019-05-01;P3;26,4666665;Medián;Budapest
2019-06-01;P3;33,9;Medián;Budapest
2019-07-01;P3;30,216666;Medián;Budapest
2019-08-01;P3;31,0999995;Medián;Budapest
2019-09-01;P3;31,85;Medián;Budapest
2019-10-01;P3;27,9249995;Medián;Budapest
2019-11-01;P3;27,9749995;Medián;Budapest
2019-12-01;P3;30,016666;Medián;Budapest
2020-01-01;P3;27,683333;Medián;Budapest
2020-02-01;P3;27,183333;Medián;Budapest
2020-03-01;P3;40,408333;Medián;Budapest
2020-04-01;P3;35,183333;Medián;Budapest
2020-05-01;P3;27,875;Medián;Budapest
2020-06-01;P3;25,858333;Medián;Budapest
2020-07-01;P3;27,6;Medián;Budapest
2020-08-01;P3;28,0249995;Medián;Budapest
2020-09-01;P3;35,508333;Medián;Budapest
2020-10-01;P3;45,133333;Medián;Budapest
2020-11-01;P3;58,333333;Medián;Budapest
2020-12-01;P3;50,6999995;Medián;Budapest
2021-01-01;P3;40,383333;Medián;Budapest
2021-02-01;P3;39,383333;Medián;Budapest
2021-03-01;P3;51,8166665;Medián;Budapest
2021-04-01;P3;32,5249995;Medián;Budapest
2021-05-01;P3;32,683333;Medián;Budapest
2021-06-01;P3;50,783333;Medián;Budapest
2021-07-01;P3;49,216666;Medián;Budapest
2021-08-01;P3;50,983333;Medián;Budapest
2021-09-01;P3;51,5916665;Medián;Budapest
2021-10-01;P3;59,833333;Medián;Budapest
2021-11-01;P3;65,266666;Medián;Budapest
2021-12-01;P3;57,3749995;Medián;Budapest
2022-01-01;P3;52,725;Medián;Budapest
2022-02-01;P3;55,766666;Medián;Budapest
2022-03-01;P3;72,7499995;Medián;Budapest
2022-04-01;P3;62,75;Medián;Budapest
2022-05-01;P3;52,216666;Medián;Budapest
2022-06-01;P3;67,216666;Medián;Budapest
2022-07-01;P3;64,983333;Medián;Budapest
2022-08-01;P3;71,191666;Medián;Budapest
2022-09-01;P3;60,016666;Medián;Budapest
2022-10-01;P3;60,175;Medián;Budapest
2022-11-01;P3;59,283333;Medián;Budapest
2022-12-01;P3;59,6166665;Medián;Budapest
2023-01-01;P3;47,6;Medián;Budapest
2023-02-01;P3;43,9749995;Medián;Budapest
2023-03-01;P3;57,125;Medián;Budapest
2023-04-01;P3;54,6249995;Medián;Budapest
2023-05-01;P3;50,0749995;Medián;Budapest
2023-06-01;P3;46,75;Medián;Budapest
2023-07-01;P3;55,258333;Medián;Budapest
2023-08-01;P3;54,683333;Medián;Budapest
2023-09-01;P3;57,2249995;Medián;Budapest
2023-10-01;P3;69,816666;Medián;Budapest
2023-11-01;P3;59,2;Medián;Budapest
2023-12-01;P3;81,583333;Medián;Budapest
2024-01-01;P3;66,2916665;Medián;Budapest
2024-02-01;P3;58,383333;Medián;Budapest
2024-03-01;P3;38,158333;Medián;Budapest
2024-04-01;P3;33,2916665;Medián;Budapest
2024-05-01;P3;38,25;Medián;Budapest
2024-06-01;P3;38,116666;Medián;Budapest
2024-07-01;P3;37,633333;Medián;Budapest
2024-08-01;P3;38,6749995;Medián;Budapest
2024-09-01;P3;37,7249995;Medián;Budapest
2024-10-01;P3;35,75;Medián;Budapest
2018-11-01;P3;36,5498370414634;Átlag;Budapest
2018-12-01;P3;43,7391251788757;Átlag;Budapest
2019-01-01;P3;43,3355448448598;Átlag;Budapest
2019-02-01;P3;43,8741436100629;Átlag;Budapest
2019-03-01;P3;37,8851691377119;Átlag;Budapest
2019-04-01;P3;33,6936235423729;Átlag;Budapest
2019-05-01;P3;36,9491583245193;Átlag;Budapest
2019-06-01;P3;48,9806302972973;Átlag;Budapest
2019-07-01;P3;46,4710904553776;Átlag;Budapest
2019-08-01;P3;46,0555552208334;Átlag;Budapest
2019-09-01;P3;44,9226475342742;Átlag;Budapest
2019-10-01;P3;37,415533004;Átlag;Budapest
2019-11-01;P3;39,8578758987342;Átlag;Budapest
2019-12-01;P3;42,0955861916377;Átlag;Budapest
2020-01-01;P3;37,9093783835125;Átlag;Budapest
2020-02-01;P3;38,6563323068894;Átlag;Budapest
2020-03-01;P3;71,2223458448276;Átlag;Budapest
2020-04-01;P3;82,7845511694352;Átlag;Budapest
2020-05-01;P3;55,6822350253379;Átlag;Budapest
2020-06-01;P3;42,7876779980545;Átlag;Budapest
2020-07-01;P3;38,0378503787879;Átlag;Budapest
2020-08-01;P3;48,7011347591363;Átlag;Budapest
2020-09-01;P3;65,0254724787235;Átlag;Budapest
2020-10-01;P3;78,4090204406439;Átlag;Budapest
2020-11-01;P3;97,2750152299066;Átlag;Budapest
2020-12-01;P3;75,1589183904958;Átlag;Budapest
2021-01-01;P3;58,6946356735632;Átlag;Budapest
2021-02-01;P3;65,1474942091504;Átlag;Budapest
2021-03-01;P3;88,3659310454544;Átlag;Budapest
2021-04-01;P3;50,6274224488818;Átlag;Budapest
2021-05-01;P3;46,8116158246754;Átlag;Budapest
2021-06-01;P3;71,2543703917852;Átlag;Budapest
2021-07-01;P3;76,2550711846554;Átlag;Budapest
2021-08-01;P3;68,367179445838;Átlag;Budapest
2021-09-01;P3;75,6454831221374;Átlag;Budapest
2021-10-01;P3;87,0269584887118;Átlag;Budapest
2021-11-01;P3;95,5951053182405;Átlag;Budapest
2021-12-01;P3;77,6377651862745;Átlag;Budapest
2022-01-01;P3;75,8638956790281;Átlag;Budapest
2022-02-01;P3;77,071798525661;Átlag;Budapest
2022-03-01;P3;101,378013865691;Átlag;Budapest
2022-04-01;P3;83,3023418713018;Átlag;Budapest
2022-05-01;P3;74,8363496931964;Átlag;Budapest
2022-06-01;P3;96,6035820262122;Átlag;Budapest
2022-07-01;P3;92,6841374480197;Átlag;Budapest
2022-08-01;P3;96,8574488758464;Átlag;Budapest
2022-09-01;P3;81,2911950924137;Átlag;Budapest
2022-10-01;P3;82,3150132472826;Átlag;Budapest
2022-11-01;P3;81,5808317563151;Átlag;Budapest
2022-12-01;P3;86,58056217;Átlag;Budapest
2023-01-01;P3;60,326282525657;Átlag;Budapest
2023-02-01;P3;62,2203930403727;Átlag;Budapest
2023-03-01;P3;75,7294424457832;Átlag;Budapest
2023-04-01;P3;79,8004688297587;Átlag;Budapest
2023-05-01;P3;68,7538714615385;Átlag;Budapest
2023-06-01;P3;67,0418019330923;Átlag;Budapest
2023-07-01;P3;80,5200867294776;Átlag;Budapest
2023-08-01;P3;76,9869668852459;Átlag;Budapest
2023-09-01;P3;82,0135916051725;Átlag;Budapest
2023-10-01;P3;92,4487764513761;Átlag;Budapest
2023-11-01;P3;82,5355786021053;Átlag;Budapest
2023-12-01;P3;104,339738688612;Átlag;Budapest
2024-01-01;P3;91,3764136462095;Átlag;Budapest
2024-02-01;P3;81,4212377580953;Átlag;Budapest
2024-03-01;P3;50,0522497867538;Átlag;Budapest
2024-04-01;P3;43,961656513261;Átlag;Budapest
2024-05-01;P3;51,7474435492447;Átlag;Budapest
2024-06-01;P3;50,3328825606371;Átlag;Budapest
2024-07-01;P3;52,1188122501572;Átlag;Budapest
2024-08-01;P3;52,2659629371388;Átlag;Budapest
2024-09-01;P3;49,8540585129386;Átlag;Budapest
2024-10-01;P3;48,471578396564;Átlag;Budapest
2018-11-01;P3;22,808333;Medián;Országos
2018-12-01;P3;23,958333;Medián;Országos
2019-01-01;P3;23,75;Medián;Országos
2019-02-01;P3;19,55;Medián;Országos
2019-03-01;P3;18,058333;Medián;Országos
2019-04-01;P3;18,216666;Medián;Országos
2019-05-01;P3;19,5666665;Medián;Országos
2019-06-01;P3;20,1;Medián;Országos
2019-07-01;P3;18,1;Medián;Országos
2019-08-01;P3;16,383333;Medián;Országos
2019-09-01;P3;18,2916665;Medián;Országos
2019-10-01;P3;16,483333;Medián;Országos
2019-11-01;P3;16,816666;Medián;Országos
2019-12-01;P3;17,9749995;Medián;Országos
2020-01-01;P3;16,833333;Medián;Országos
2020-02-01;P3;16,533333;Medián;Országos
2020-03-01;P3;23,366666;Medián;Országos
2020-04-01;P3;24,833333;Medián;Országos
2020-05-01;P3;19,8166665;Medián;Országos
2020-06-01;P3;17,466666;Medián;Országos
2020-07-01;P3;20,133333;Medián;Országos
2020-08-01;P3;20,066666;Medián;Országos
2020-09-01;P3;22,408333;Medián;Országos
2020-10-01;P3;23,35;Medián;Országos
2020-11-01;P3;28,441666;Medián;Országos
2020-12-01;P3;24,6166665;Medián;Országos
2021-01-01;P3;20,95;Medián;Országos
2021-02-01;P3;22,233333;Medián;Országos
2021-03-01;P3;28,533333;Medián;Országos
2021-04-01;P3;22,916666;Medián;Országos
2021-05-01;P3;20,65;Medián;Országos
2021-06-01;P3;22,033333;Medián;Országos
2021-07-01;P3;23,316666;Medián;Országos
2021-08-01;P3;24,85;Medián;Országos
2021-09-01;P3;25,9666665;Medián;Országos
2021-10-01;P3;28,3;Medián;Országos
2021-11-01;P3;31,4666665;Medián;Országos
2021-12-01;P3;28,483333;Medián;Országos
2022-01-01;P3;28,175;Medián;Országos
2022-02-01;P3;26,733333;Medián;Országos
2022-03-01;P3;27,75;Medián;Országos
2022-04-01;P3;25,983333;Medián;Országos
2022-05-01;P3;26,7666665;Medián;Országos
2022-06-01;P3;28,783333;Medián;Országos
2022-07-01;P3;28,95;Medián;Országos
2022-08-01;P3;28,6749995;Medián;Országos
2022-09-01;P3;26,8666665;Medián;Országos
2022-10-01;P3;27,9;Medián;Országos
2022-11-01;P3;27,2;Medián;Országos
2022-12-01;P3;26,266666;Medián;Országos
2023-01-01;P3;25,166666;Medián;Országos
2023-02-01;P3;23,716666;Medián;Országos
2023-03-01;P3;25,116666;Medián;Országos
2023-04-01;P3;24,766666;Medián;Országos
2023-05-01;P3;24,983333;Medián;Országos
2023-06-01;P3;23,3;Medián;Országos
2023-07-01;P3;24,716666;Medián;Országos
2023-08-01;P3;26,25;Medián;Országos
2023-09-01;P3;27,3;Medián;Országos
2023-10-01;P3;27,8666665;Medián;Országos
2023-11-01;P3;27,8;Medián;Országos
2023-12-01;P3;31,0916665;Medián;Országos
2024-01-01;P3;28,366666;Medián;Országos
2024-02-01;P3;28,25;Medián;Országos
2024-03-01;P3;19,3;Medián;Országos
2024-04-01;P3;18,483333;Medián;Országos
2024-05-01;P3;18,883333;Medián;Országos
2024-06-01;P3;19,516666;Medián;Országos
2024-07-01;P3;19,95;Medián;Országos
2024-08-01;P3;19,7;Medián;Országos
2024-09-01;P3;19,666666;Medián;Országos
2024-10-01;P3;19,983333;Medián;Országos
2018-11-01;P3;33,0911076638734;Átlag;Országos
2018-12-01;P3;37,4657805615385;Átlag;Országos
2019-01-01;P3;35,465385099936;Átlag;Országos
2019-02-01;P3;29,8682616312343;Átlag;Országos
2019-03-01;P3;26,7757651466597;Átlag;Országos
2019-04-01;P3;25,0043347574693;Átlag;Országos
2019-05-01;P3;28,0071741856107;Átlag;Országos
2019-06-01;P3;31,2600078367647;Átlag;Országos
2019-07-01;P3;27,6154051449111;Átlag;Országos
2019-08-01;P3;26,8176710375473;Átlag;Országos
2019-09-01;P3;27,4682785865307;Átlag;Országos
2019-10-01;P3;24,2369325934178;Átlag;Országos
2019-11-01;P3;25,3232240257693;Átlag;Országos
2019-12-01;P3;26,9804181173105;Átlag;Országos
2020-01-01;P3;25,4912884280688;Átlag;Országos
2020-02-01;P3;24,3997854670683;Átlag;Országos
2020-03-01;P3;51,4408114553792;Átlag;Országos
2020-04-01;P3;63,5914539729811;Átlag;Országos
2020-05-01;P3;44,8810455486001;Átlag;Országos
2020-06-01;P3;32,7976433755475;Átlag;Országos
2020-07-01;P3;52,0370927938073;Átlag;Országos
2020-08-01;P3;41,1077904564242;Átlag;Országos
2020-09-01;P3;57,8710712183683;Átlag;Országos
2020-10-01;P3;46,0917348797492;Átlag;Országos
2020-11-01;P3;55,7805303683814;Átlag;Országos
2020-12-01;P3;43,1967368805113;Átlag;Országos
2021-01-01;P3;34,2228388814118;Átlag;Országos
2021-02-01;P3;39,54609;Átlag;Országos
2021-03-01;P3;51,4565698615267;Átlag;Országos
2021-04-01;P3;35,7899291718695;Átlag;Országos
2021-05-01;P3;31,3068017866608;Átlag;Országos
2021-06-01;P3;39,7838121809803;Átlag;Országos
2021-07-01;P3;41,6346533872095;Átlag;Országos
2021-08-01;P3;42,9628432855832;Átlag;Országos
2021-09-01;P3;45,2271275584892;Átlag;Országos
2021-10-01;P3;51,0893087098656;Átlag;Országos
2021-11-01;P3;53,9899537140348;Átlag;Országos
2021-12-01;P3;46,2824109856111;Átlag;Országos
2022-01-01;P3;46,1925180667826;Átlag;Országos
2022-02-01;P3;43,8473665197856;Átlag;Országos
2022-03-01;P3;50,5303193205847;Átlag;Országos
2022-04-01;P3;44,1149065299997;Átlag;Országos
2022-05-01;P3;44,007744649884;Átlag;Országos
2022-06-01;P3;50,1475078860896;Átlag;Országos
2022-07-01;P3;49,3940469941044;Átlag;Országos
2022-08-01;P3;49,0875389883143;Átlag;Országos
2022-09-01;P3;44,1747505110741;Átlag;Országos
2022-10-01;P3;46,259979150428;Átlag;Országos
2022-11-01;P3;44,99478923028;Átlag;Országos
2022-12-01;P3;45,639919227296;Átlag;Országos
2023-01-01;P3;38,6870774580346;Átlag;Országos
2023-02-01;P3;37,4472413380004;Átlag;Országos
2023-03-01;P3;41,3615542712161;Átlag;Országos
2023-04-01;P3;41,7599776750378;Átlag;Országos
2023-05-01;P3;40,3671982508398;Átlag;Országos
2023-06-01;P3;38,2425671704767;Átlag;Országos
2023-07-01;P3;39,3034296546059;Átlag;Országos
2023-08-01;P3;43,1725194862814;Átlag;Országos
2023-09-01;P3;44,4385801802445;Átlag;Országos
2023-10-01;P3;48,1039728839281;Átlag;Országos
2023-11-01;P3;44,8221552034469;Átlag;Országos
2023-12-01;P3;52,487292230519;Átlag;Országos
2024-01-01;P3;47,421833814078;Átlag;Országos
2024-02-01;P3;46,0221608378447;Átlag;Országos
2024-03-01;P3;28,2715683501531;Átlag;Országos
2024-04-01;P3;25,9542728994976;Átlag;Országos
2024-05-01;P3;27,7961981009774;Átlag;Országos
2024-06-01;P3;28,3077868578318;Átlag;Országos
2024-07-01;P3;29,2160654117143;Átlag;Országos
2024-08-01;P3;29,0459834786305;Átlag;Országos
2024-09-01;P3;28,566757824192;Átlag;Országos
2024-10-01;P3;28,7528552584794;Átlag;Országos
2024-03-01;P4;54,708333;Medián;Budapest
2024-04-01;P4;47,7749995;Medián;Budapest
2024-05-01;P4;58,7749995;Medián;Budapest
2024-06-01;P4;55,683333;Medián;Budapest
2024-07-01;P4;58,9999995;Medián;Budapest
2024-08-01;P4;61,266666;Medián;Budapest
2024-09-01;P4;55,4999995;Medián;Budapest
2024-10-01;P4;55,8249995;Medián;Budapest
2024-03-01;P4;69,4965257282878;Átlag;Budapest
2024-04-01;P4;65,2770198749999;Átlag;Budapest
2024-05-01;P4;83,1260714041994;Átlag;Budapest
2024-06-01;P4;75,4335193304347;Átlag;Budapest
2024-07-01;P4;85,4483559403669;Átlag;Budapest
2024-08-01;P4;83,3698879729382;Átlag;Budapest
2024-09-01;P4;75,0092953858268;Átlag;Budapest
2024-10-01;P4;72,4279606062271;Átlag;Budapest
2024-03-01;P4;22,216666;Medián;Országos
2024-04-01;P4;22;Medián;Országos
2024-05-01;P4;22,266666;Medián;Országos
2024-06-01;P4;22,816666;Medián;Országos
2024-07-01;P4;24,683333;Medián;Országos
2024-08-01;P4;24,2;Medián;Országos
2024-09-01;P4;25,1;Medián;Országos
2024-10-01;P4;24,233333;Medián;Országos
2024-03-01;P4;35,5134039484778;Átlag;Országos
2024-04-01;P4;34,3724575183878;Átlag;Országos
2024-05-01;P4;37,9916387798343;Átlag;Országos
2024-06-01;P4;37,7280967195772;Átlag;Országos
2024-07-01;P4;40,6781846727329;Átlag;Országos
2024-08-01;P4;41,2988974749603;Átlag;Országos
2024-09-01;P4;40,3882005181546;Átlag;Országos
2024-10-01;P4;39,1969868640109;Átlag;Országos
2024-03-01;P5;46;Medián;Budapest
2024-04-01;P5;47,35;Medián;Budapest
2024-05-01;P5;51,766666;Medián;Budapest
2024-06-01;P5;40,65;Medián;Budapest
2024-07-01;P5;35,158333;Medián;Budapest
2024-08-01;P5;59,433333;Medián;Budapest
2024-09-01;P5;38,6749995;Medián;Budapest
2024-10-01;P5;38,683333;Medián;Budapest
2024-03-01;P5;64,2699997172414;Átlag;Budapest
2024-04-01;P5;77,1181315384615;Átlag;Budapest
2024-05-01;P5;87,5524387317073;Átlag;Budapest
2024-06-01;P5;67,2285710571429;Átlag;Budapest
2024-07-01;P5;66,9328943421053;Átlag;Budapest
2024-08-01;P5;84,8052079375;Átlag;Budapest
2024-09-01;P5;55,51874975;Átlag;Budapest
2024-10-01;P5;71,7762816923077;Átlag;Budapest
2024-03-01;P5;19,8249995;Medián;Országos
2024-04-01;P5;19,133333;Medián;Országos
2024-05-01;P5;19,25;Medián;Országos
2024-06-01;P5;17,658333;Medián;Országos
2024-07-01;P5;19,383333;Medián;Országos
2024-08-01;P5;23,033333;Medián;Országos
2024-09-01;P5;21,383333;Medián;Országos
2024-10-01;P5;23,1166665;Medián;Országos
2024-03-01;P5;30,5293950554893;Átlag;Országos
2024-04-01;P5;32,8429475830259;Átlag;Országos
2024-05-01;P5;39,4551539119639;Átlag;Országos
2024-06-01;P5;31,3851220762712;Átlag;Országos
2024-07-01;P5;38,4165345454545;Átlag;Országos
2024-08-01;P5;37,3904879090909;Átlag;Országos
2024-09-01;P5;37,5130359752475;Átlag;Országos
2024-10-01;P5;41,3262893869048;Átlag;Országos
